{"cameraMode":{"drawMode":0,"name":"Shaded","section":"Shading Mode"},"sceneLighting":true,"audioPlay":false,"sceneViewState":{"m_AlwaysRefresh":false,"showFog":true,"showSkybox":true,"showFlares":true,"showImageEffects":true,"showParticleSystems":true,"showVisualEffectGraphs":true,"m_FxEnabled":true},"in2DMode":false,"pivot":{"x":-0.7142190337181091,"y":14.094078063964844,"z":-17.550151824951173},"rotation":{"x":-0.22530922293663026,"y":0.09249016642570496,"z":-0.021491192281246187,"w":-0.9696511626243591},"size":3.467987537384033,"orthographic":false}