{"cameraMode":{"drawMode":0,"name":"Shaded","section":"Shading Mode"},"sceneLighting":true,"audioPlay":false,"sceneViewState":{"m_AlwaysRefresh":false,"showFog":true,"showSkybox":true,"showFlares":true,"showImageEffects":true,"showParticleSystems":true,"showVisualEffectGraphs":true,"m_FxEnabled":true},"in2DMode":false,"pivot":{"x":0.057607464492321017,"y":2.3921871185302736,"z":17.241840362548829},"rotation":{"x":-0.27837491035461428,"y":-0.2531549334526062,"z":0.0763307735323906,"w":-0.9233840703964233},"size":3.445570945739746,"orthographic":false}