{"cameraMode":{"drawMode":0,"name":"Shaded","section":"Shading Mode"},"sceneLighting":false,"audioPlay":false,"sceneViewState":{"m_AlwaysRefresh":false,"showFog":true,"showSkybox":false,"showFlares":true,"showImageEffects":true,"showParticleSystems":true,"showVisualEffectGraphs":true,"m_FxEnabled":true},"in2DMode":false,"pivot":{"x":0.49646323919296267,"y":1.5170823335647584,"z":-1.940308690071106},"rotation":{"x":-0.01809963770210743,"y":0.9565735459327698,"z":-0.060624636709690097,"w":-0.28461697697639468},"size":0.04096146300435066,"orthographic":false}