{"cameraMode":{"drawMode":0,"name":"Shaded","section":"Shading Mode"},"sceneLighting":true,"audioPlay":false,"sceneViewState":{"m_AlwaysRefresh":false,"showFog":true,"showSkybox":true,"showFlares":true,"showImageEffects":true,"showParticleSystems":true,"showVisualEffectGraphs":true,"m_FxEnabled":true},"in2DMode":false,"pivot":{"x":0.5490055084228516,"y":7.864042282104492,"z":-0.6637783050537109},"rotation":{"x":0.15020766854286195,"y":-0.29044485092163088,"z":0.04622432589530945,"w":0.943920910358429},"size":6.247976303100586,"orthographic":false}